{"cameraMode":{"drawMode":0,"name":"Shaded","section":"Shading Mode"},"sceneLighting":true,"audioPlay":false,"sceneViewState":{"showFog":true,"showMaterialUpdate":false,"showSkybox":true,"showFlares":true,"showImageEffects":true,"showParticleSystems":true},"in2DMode":false,"pivot":{"x":407.48773193359377,"y":394.8273620605469,"z":-200.8482666015625},"rotation":{"x":-0.1803140491247177,"y":0.07280943542718888,"z":-0.013385304249823094,"w":-0.9808217883110046},"size":337.3342590332031,"orthographic":false}